{
  "unemployment_rate": 0.03493410415379766,
  "job_finding_rate": 0.2520402720510872,
  "separation_rate": 0.01205086966224777,
  "wage_gini": 0.3049479593526614,
  "employment_drift": 0.013500000000000068
}