{
  "policy.benefit_level=0.25": [
    0.2934312365094049,
    0.29874213836477986,
    0.24886184410069762,
    0.3048577235772358,
    0.19159367396593674
  ],
  "policy.benefit_level=0.65": [
    0.22178142814281426,
    0.2912488196411709,
    0.22790502793296089,
    0.3186750245821042,
    0.2166147244805781
  ],
  "policy.firing_cost=0.05": [
    0.24023540489642187,
    0.259774711568444,
    0.18667791779177917,
    0.30991525423728816,
    0.20548221404477154
  ],
  "policy.firing_cost=0.6": [
    0.1997262663026994,
    0.2740441621294616,
    0.23362954186413903,
    0.23055555555555557,
    0.27932349323493233
  ],
  "matching.efficiency=0.25": [
    0.2656161429451633,
    0.2876260762607626,
    0.24805606900800986,
    0.2984145775301764,
    0.24158249924173492
  ],
  "matching.efficiency=0.65": [
    0.22575506445672192,
    0.3082501599488163,
    0.22347568208778174,
    0.3091650687120486,
    0.21086477987421381
  ]
}